{"cameraMode":{"drawMode":0,"name":"Shaded","section":"Shading Mode"},"sceneLighting":true,"audioPlay":false,"sceneViewState":{"m_AlwaysRefresh":false,"showFog":true,"showSkybox":true,"showFlares":true,"showImageEffects":true,"showParticleSystems":true,"showVisualEffectGraphs":true,"m_FxEnabled":true},"in2DMode":false,"pivot":{"x":-15.559576034545899,"y":-19.005014419555665,"z":6.206593990325928},"rotation":{"x":0.2102363258600235,"y":-0.0014786847168579698,"z":0.0002838040527421981,"w":0.977679431438446},"size":0.33793044090270998,"orthographic":false}